COUNTY,YEAR,TOT_POP
Beaverhead,2024,10006
Big Horn,2024,12796
Blaine,2024,6903
Broadwater,2024,8302
Carbon,2024,11498
Carter,2024,1399
Cascade,2024,84523
Chouteau,2024,5880
Custer,2024,11964
Daniels,2024,1625
Dawson,2024,8731
Deer Lodge,2024,9811
Fallon,2024,2946
Fergus,2024,11862
Flathead,2024,114527
Gallatin,2024,126984
Garfield,2024,1181
Glacier,2024,13503
Golden Valley,2024,863
Granite,2024,3602
Hill,2024,16065
Jefferson,2024,13304
Judith Basin,2024,2111
Lake,2024,33403
Lewis and Clark,2024,75129
Liberty,2024,1934
Lincoln,2024,22184
Madison,2024,9753
McCone,2024,1717
Meagher,2024,2065
Mineral,2024,5195
Missoula,2024,122546
Musselshell,2024,5452
Park,2024,18074
Petroleum,2024,525
Phillips,2024,4214
Pondera,2024,6078
Powder River,2024,1734
Powell,2024,7120
Prairie,2024,1112
Ravalli,2024,48187
Richland,2024,11028
Roosevelt,2024,10197
Rosebud,2024,8194
Sanders,2024,13895
Sheridan,2024,3448
Silver Bow,2024,36134
Stillwater,2024,9450
Sweet Grass,2024,3757
Teton,2024,6444
Toole,2024,5153
Treasure,2024,739
Valley,2024,7434
Wheatland,2024,2058
Wibaux,2024,911
Yellowstone,2024,171583